Local time,Open,High,Low,Close,Volume
06.01.2020 00:00:00.000 GMT-0500,1.11644,1.11651,1.11636,1.11641,592.76
06.01.2020 00:15:00.000 GMT-0500,1.11642,1.11649,1.11641,1.11644,640.61
06.01.2020 00:30:00.000 GMT-0500,1.11644,1.11647,1.11628,1.11628,496.8499999999999
06.01.2020 00:45:00.000 GMT-0500,1.11628,1.11628,1.11606,1.11623,896.3499999999999
06.01.2020 01:00:00.000 GMT-0500,1.11622,1.11624,1.11582,1.11583,853.26
06.01.2020 01:15:00.000 GMT-0500,1.11582,1.11604,1.11571,1.11603,1159.15
06.01.2020 01:30:00.000 GMT-0500,1.11603,1.11605,1.11574,1.11588,682.3100000000001
06.01.2020 01:45:00.000 GMT-0500,1.11591,1.11615,1.11588,1.11607,1009.3900000000003
06.01.2020 02:00:00.000 GMT-0500,1.11606,1.11636,1.11606,1.11618,1899.9200000000003
06.01.2020 02:15:00.000 GMT-0500,1.11617,1.11650,1.11597,1.11630,2028.8100000000002
06.01.2020 02:30:00.000 GMT-0500,1.11628,1.11656,1.11615,1.11650,1975.8300000000002
06.01.2020 02:45:00.000 GMT-0500,1.11651,1.11667,1.11645,1.11646,1678.5900000000001
06.01.2020 03:00:00.000 GMT-0500,1.11647,1.11670,1.11634,1.11639,2539.41
06.01.2020 03:15:00.000 GMT-0500,1.11638,1.11698,1.11632,1.11667,2144.9400000000005
06.01.2020 03:30:00.000 GMT-0500,1.11666,1.11698,1.11653,1.11692,1786.43
06.01.2020 03:45:00.000 GMT-0500,1.11691,1.11799,1.11676,1.11785,2819.4700000000003
06.01.2020 04:00:00.000 GMT-0500,1.11786,1.11814,1.11767,1.11782,2622.9400000000005
06.01.2020 04:15:00.000 GMT-0500,1.11781,1.11797,1.11751,1.11790,1951.4600000000003
06.01.2020 04:30:00.000 GMT-0500,1.11790,1.11890,1.11786,1.11890,2748.67
06.01.2020 04:45:00.000 GMT-0500,1.11889,1.11936,1.11875,1.11932,2967.9199999999996
06.01.2020 05:00:00.000 GMT-0500,1.11934,1.11954,1.11899,1.11943,2405.8100000000004
06.01.2020 05:15:00.000 GMT-0500,1.11943,1.11996,1.11932,1.11961,2513.4900000000002
06.01.2020 05:30:00.000 GMT-0500,1.11962,1.11982,1.11924,1.11953,1816.47
06.01.2020 05:45:00.000 GMT-0500,1.11954,1.11978,1.11954,1.11964,1707.3300000000002
06.01.2020 06:00:00.000 GMT-0500,1.11963,1.12051,1.11962,1.12030,2757.8700000000003
06.01.2020 06:15:00.000 GMT-0500,1.12029,1.12053,1.11990,1.12024,1857.7400000000002
06.01.2020 06:30:00.000 GMT-0500,1.12024,1.12055,1.12014,1.12017,1910.74
06.01.2020 06:45:00.000 GMT-0500,1.12016,1.12054,1.12009,1.12032,1440.3300000000002
06.01.2020 07:00:00.000 GMT-0500,1.12032,1.12043,1.11969,1.11975,1891.2200000000003
06.01.2020 07:15:00.000 GMT-0500,1.11975,1.11985,1.11958,1.11980,1447.9100000000003
06.01.2020 07:30:00.000 GMT-0500,1.11981,1.11984,1.11951,1.11982,1086.02
06.01.2020 07:45:00.000 GMT-0500,1.11982,1.11998,1.11967,1.11981,1945.93
06.01.2020 08:00:00.000 GMT-0500,1.11982,1.12002,1.11934,1.11935,2496.2599999999998
06.01.2020 08:15:00.000 GMT-0500,1.11937,1.11972,1.11911,1.11958,2154.36
06.01.2020 08:30:00.000 GMT-0500,1.11959,1.12032,1.11950,1.11998,2427.5
06.01.2020 08:45:00.000 GMT-0500,1.11998,1.12000,1.11963,1.11976,1644.0199999999998
06.01.2020 09:00:00.000 GMT-0500,1.11976,1.12002,1.11950,1.11951,1940.8
06.01.2020 09:15:00.000 GMT-0500,1.11950,1.11972,1.11929,1.11946,4539.6601
06.01.2020 09:30:00.000 GMT-0500,1.11947,1.11962,1.11883,1.11895,2792.8499999999995
06.01.2020 09:45:00.000 GMT-0500,1.11896,1.11897,1.11825,1.11831,3309.68
06.01.2020 10:00:00.000 GMT-0500,1.11832,1.11881,1.11828,1.11861,2531.96
06.01.2020 10:15:00.000 GMT-0500,1.11861,1.11881,1.11826,1.11876,2197.1800000000003
06.01.2020 10:30:00.000 GMT-0500,1.11875,1.11902,1.11827,1.11830,3205.33
06.01.2020 10:45:00.000 GMT-0500,1.11828,1.11901,1.11821,1.11886,3421.59
06.01.2020 11:00:00.000 GMT-0500,1.11887,1.11896,1.11810,1.11810,2405.8599999999997
06.01.2020 11:15:00.000 GMT-0500,1.11809,1.11875,1.11809,1.11858,2485.71
06.01.2020 11:30:00.000 GMT-0500,1.11857,1.11879,1.11855,1.11867,2168.2000000000003
06.01.2020 11:45:00.000 GMT-0500,1.11866,1.11873,1.11846,1.11872,1978.98
06.01.2020 12:00:00.000 GMT-0500,1.11872,1.11936,1.11842,1.11922,1943.56
06.01.2020 12:15:00.000 GMT-0500,1.11924,1.11960,1.11920,1.11929,1326.61
06.01.2020 12:30:00.000 GMT-0500,1.11929,1.11932,1.11913,1.11915,782.7700000000001
06.01.2020 12:45:00.000 GMT-0500,1.11916,1.11950,1.11906,1.11950,1363.35
06.01.2020 13:00:00.000 GMT-0500,1.11952,1.11963,1.11934,1.11942,1212.23
06.01.2020 13:15:00.000 GMT-0500,1.11944,1.11966,1.11932,1.11955,984.2100000000002
06.01.2020 13:30:00.000 GMT-0500,1.11956,1.11973,1.11950,1.11972,879.9200000000001
06.01.2020 13:45:00.000 GMT-0500,1.11973,1.11979,1.11917,1.11919,1312.5400000000002
06.01.2020 14:00:00.000 GMT-0500,1.11918,1.11928,1.11906,1.11916,1000.6799999999998
06.01.2020 14:15:00.000 GMT-0500,1.11917,1.11925,1.11901,1.11920,724.19
06.01.2020 14:30:00.000 GMT-0500,1.11919,1.11922,1.11879,1.11880,996.09
06.01.2020 14:45:00.000 GMT-0500,1.11880,1.11921,1.11880,1.11912,1084
06.01.2020 15:00:00.000 GMT-0500,1.11914,1.11917,1.11889,1.11900,862.05
06.01.2020 15:15:00.000 GMT-0500,1.11900,1.11913,1.11899,1.11903,672.7400000000001
06.01.2020 15:30:00.000 GMT-0500,1.11902,1.11909,1.11894,1.11904,638.09
06.01.2020 15:45:00.000 GMT-0500,1.11905,1.11939,1.11893,1.11936,1259.715
06.01.2020 16:00:00.000 GMT-0500,1.11936,1.11941,1.11928,1.11940,363.34000000000003
06.01.2020 16:15:00.000 GMT-0500,1.11939,1.11955,1.11930,1.11946,344.87999999999994
06.01.2020 16:30:00.000 GMT-0500,1.11946,1.11962,1.11946,1.11961,229.28000000000003
06.01.2020 16:45:00.000 GMT-0500,1.11961,1.11989,1.11960,1.11968,292.82
06.01.2020 17:00:00.000 GMT-0500,1.11960,1.11960,1.11928,1.11960,629.6800000000001
06.01.2020 17:15:00.000 GMT-0500,1.11960,1.11960,1.11951,1.11955,154.41
06.01.2020 17:30:00.000 GMT-0500,1.11955,1.11961,1.11951,1.11955,898.06
06.01.2020 17:45:00.000 GMT-0500,1.11955,1.11959,1.11951,1.11955,658.1599999999999
06.01.2020 18:00:00.000 GMT-0500,1.11955,1.11975,1.11955,1.11957,402.13
06.01.2020 18:15:00.000 GMT-0500,1.11957,1.11957,1.11946,1.11951,711.1500000000001
06.01.2020 18:30:00.000 GMT-0500,1.11951,1.11951,1.11941,1.11942,488.1600000000001
06.01.2020 18:45:00.000 GMT-0500,1.11942,1.11963,1.11942,1.11954,448.65000000000003
06.01.2020 19:00:00.000 GMT-0500,1.11953,1.11954,1.11930,1.11952,734.5600000000001
06.01.2020 19:15:00.000 GMT-0500,1.11953,1.11953,1.11936,1.11937,431.74999999999994
06.01.2020 19:30:00.000 GMT-0500,1.11936,1.11937,1.11915,1.11916,554.41
06.01.2020 19:45:00.000 GMT-0500,1.11917,1.11926,1.11891,1.11897,1108.4099999999999
06.01.2020 20:00:00.000 GMT-0500,1.11897,1.11921,1.11896,1.11918,627.1199999999999
06.01.2020 20:15:00.000 GMT-0500,1.11918,1.11970,1.11918,1.11964,628.3700000000001
06.01.2020 20:30:00.000 GMT-0500,1.11965,1.11970,1.11944,1.11968,854.78
06.01.2020 20:45:00.000 GMT-0500,1.11969,1.11969,1.11933,1.11934,919.9000000000001
06.01.2020 21:00:00.000 GMT-0500,1.11934,1.11934,1.11922,1.11926,761.1499999999999
06.01.2020 21:15:00.000 GMT-0500,1.11927,1.11934,1.11915,1.11918,696.6899999999999
06.01.2020 21:30:00.000 GMT-0500,1.11917,1.11923,1.11909,1.11912,432.36
06.01.2020 21:45:00.000 GMT-0500,1.11912,1.11919,1.11912,1.11913,447.57
06.01.2020 22:00:00.000 GMT-0500,1.11914,1.11942,1.11912,1.11939,791.75
06.01.2020 22:15:00.000 GMT-0500,1.11939,1.11943,1.11927,1.11930,638.9200000000001
06.01.2020 22:30:00.000 GMT-0500,1.11930,1.11943,1.11927,1.11929,480.70000000000005
06.01.2020 22:45:00.000 GMT-0500,1.11929,1.11934,1.11920,1.11922,367.36999999999995
06.01.2020 23:00:00.000 GMT-0500,1.11921,1.11931,1.11911,1.11923,756.36
06.01.2020 23:15:00.000 GMT-0500,1.11925,1.11934,1.11925,1.11930,557.72
06.01.2020 23:30:00.000 GMT-0500,1.11929,1.11931,1.11919,1.11928,395.98
06.01.2020 23:45:00.000 GMT-0500,1.11928,1.11933,1.11905,1.11909,474.39000000000004
07.01.2020 00:00:00.000 GMT-0500,1.11908,1.11924,1.11902,1.11919,469.2099999999999
07.01.2020 00:15:00.000 GMT-0500,1.11919,1.11920,1.11908,1.11914,422.91
07.01.2020 00:30:00.000 GMT-0500,1.11915,1.11919,1.11908,1.11908,327.1699999999999
07.01.2020 00:45:00.000 GMT-0500,1.11907,1.11907,1.11828,1.11830,1399.4
07.01.2020 01:00:00.000 GMT-0500,1.11829,1.11886,1.11809,1.11873,2190.5699999999997
07.01.2020 01:15:00.000 GMT-0500,1.11872,1.11881,1.11832,1.11852,1228.07
07.01.2020 01:30:00.000 GMT-0500,1.11853,1.11897,1.11852,1.11877,1083.1100000000001
07.01.2020 01:45:00.000 GMT-0500,1.11876,1.11893,1.11809,1.11816,1706.1800000000003
07.01.2020 02:00:00.000 GMT-0500,1.11815,1.11854,1.11782,1.11841,2336.39
07.01.2020 02:15:00.000 GMT-0500,1.11840,1.11852,1.11811,1.11815,1694.4100000000003
07.01.2020 02:30:00.000 GMT-0500,1.11814,1.11817,1.11731,1.11773,2774.72
07.01.2020 02:45:00.000 GMT-0500,1.11772,1.11787,1.11729,1.11740,1870.8600000000001
07.01.2020 03:00:00.000 GMT-0500,1.11740,1.11781,1.11726,1.11754,3095.87
07.01.2020 03:15:00.000 GMT-0500,1.11754,1.11809,1.11737,1.11806,2358.12
07.01.2020 03:30:00.000 GMT-0500,1.11805,1.11875,1.11802,1.11835,2696.6
07.01.2020 03:45:00.000 GMT-0500,1.11834,1.11866,1.11823,1.11847,2234.8
07.01.2020 04:00:00.000 GMT-0500,1.11846,1.11896,1.11839,1.11855,2372.69
07.01.2020 04:15:00.000 GMT-0500,1.11854,1.11866,1.11809,1.11829,1951.02
07.01.2020 04:30:00.000 GMT-0500,1.11829,1.11844,1.11811,1.11827,1878.7199999999998
07.01.2020 04:45:00.000 GMT-0500,1.11827,1.11849,1.11805,1.11845,1778.31
07.01.2020 05:00:00.000 GMT-0500,1.11846,1.11862,1.11809,1.11836,2338.2799999999997
07.01.2020 05:15:00.000 GMT-0500,1.11837,1.11856,1.11648,1.11662,3609.3300000000004
07.01.2020 05:30:00.000 GMT-0500,1.11664,1.11738,1.11661,1.11734,2358.5099999999993
07.01.2020 05:45:00.000 GMT-0500,1.11736,1.11766,1.11717,1.11762,1601.39
07.01.2020 06:00:00.000 GMT-0500,1.11762,1.11775,1.11720,1.11744,2325.45
07.01.2020 06:15:00.000 GMT-0500,1.11744,1.11794,1.11735,1.11787,2493.72
07.01.2020 06:30:00.000 GMT-0500,1.11788,1.11817,1.11763,1.11811,1769.0600000000002
07.01.2020 06:45:00.000 GMT-0500,1.11811,1.11849,1.11777,1.11816,3284.3399999999997
07.01.2020 07:00:00.000 GMT-0500,1.11817,1.11831,1.11786,1.11811,2739.93
07.01.2020 07:15:00.000 GMT-0500,1.11810,1.11810,1.11771,1.11795,1957.58
07.01.2020 07:30:00.000 GMT-0500,1.11796,1.11805,1.11772,1.11790,1860.61
07.01.2020 07:45:00.000 GMT-0500,1.11790,1.11798,1.11708,1.11748,2536.2500000000005
07.01.2020 08:00:00.000 GMT-0500,1.11746,1.11778,1.11705,1.11719,3460.18
07.01.2020 08:15:00.000 GMT-0500,1.11718,1.11757,1.11677,1.11737,2722.58
07.01.2020 08:30:00.000 GMT-0500,1.11736,1.11738,1.11661,1.11679,3368.6400000000003
07.01.2020 08:45:00.000 GMT-0500,1.11680,1.11697,1.11548,1.11561,3303.6800000000003
07.01.2020 09:00:00.000 GMT-0500,1.11560,1.11610,1.11550,1.11600,2861.07
07.01.2020 09:15:00.000 GMT-0500,1.11601,1.11622,1.11565,1.11577,2606.72
07.01.2020 09:30:00.000 GMT-0500,1.11576,1.11599,1.11491,1.11560,3691.34
07.01.2020 09:45:00.000 GMT-0500,1.11561,1.11561,1.11465,1.11478,3531.5099999999998
07.01.2020 10:00:00.000 GMT-0500,1.11476,1.11516,1.11415,1.11510,4218.29
07.01.2020 10:15:00.000 GMT-0500,1.11510,1.11510,1.11376,1.11399,3950.4300000000003
07.01.2020 10:30:00.000 GMT-0500,1.11398,1.11426,1.11351,1.11352,3605.38
07.01.2020 10:45:00.000 GMT-0500,1.11352,1.11419,1.11342,1.11417,3098.3699999999994
07.01.2020 11:00:00.000 GMT-0500,1.11417,1.11439,1.11367,1.11378,2766.51
07.01.2020 11:15:00.000 GMT-0500,1.11379,1.11384,1.11335,1.11384,2059.55
07.01.2020 11:30:00.000 GMT-0500,1.11383,1.11394,1.11342,1.11368,1900.36
07.01.2020 11:45:00.000 GMT-0500,1.11369,1.11387,1.11357,1.11369,1739.7699999999998
07.01.2020 12:00:00.000 GMT-0500,1.11369,1.11419,1.11366,1.11419,1867.52
07.01.2020 12:15:00.000 GMT-0500,1.11417,1.11461,1.11413,1.11440,1666.2100000000003
07.01.2020 12:30:00.000 GMT-0500,1.11442,1.11473,1.11425,1.11463,1575.4799999999998
07.01.2020 12:45:00.000 GMT-0500,1.11462,1.11470,1.11416,1.11424,1601.1200000000001
07.01.2020 13:00:00.000 GMT-0500,1.11425,1.11446,1.11414,1.11434,1158.23
07.01.2020 13:15:00.000 GMT-0500,1.11436,1.11495,1.11436,1.11489,1352.87
07.01.2020 13:30:00.000 GMT-0500,1.11489,1.11492,1.11442,1.11449,929.17
07.01.2020 13:45:00.000 GMT-0500,1.11449,1.11465,1.11433,1.11434,758.3299999999999
07.01.2020 14:00:00.000 GMT-0500,1.11435,1.11442,1.11417,1.11430,1220.5900000000001
07.01.2020 14:15:00.000 GMT-0500,1.11431,1.11441,1.11422,1.11433,1067.0900000000001
07.01.2020 14:30:00.000 GMT-0500,1.11432,1.11443,1.11420,1.11436,915.7000000000002
07.01.2020 14:45:00.000 GMT-0500,1.11434,1.11450,1.11429,1.11445,1440.56
07.01.2020 15:00:00.000 GMT-0500,1.11446,1.11477,1.11446,1.11459,1018.6700000000002
07.01.2020 15:15:00.000 GMT-0500,1.11459,1.11471,1.11453,1.11464,739.8499999999999
07.01.2020 15:30:00.000 GMT-0500,1.11464,1.11464,1.11432,1.11435,1833.9899000000003
07.01.2020 15:45:00.000 GMT-0500,1.11436,1.11438,1.11423,1.11438,796.1949999999999
07.01.2020 16:00:00.000 GMT-0500,1.11439,1.11463,1.11437,1.11459,449.95000000000005
07.01.2020 16:15:00.000 GMT-0500,1.11459,1.11465,1.11452,1.11457,257.88
07.01.2020 16:30:00.000 GMT-0500,1.11456,1.11485,1.11456,1.11458,510.87
07.01.2020 16:45:00.000 GMT-0500,1.11457,1.11536,1.11452,1.11526,1062.96
07.01.2020 17:00:00.000 GMT-0500,1.11529,1.11536,1.11476,1.11479,314.76
07.01.2020 17:15:00.000 GMT-0500,1.11492,1.11516,1.11482,1.11488,495.45000000000005
07.01.2020 17:30:00.000 GMT-0500,1.11488,1.11488,1.11452,1.11474,275.76
07.01.2020 17:45:00.000 GMT-0500,1.11479,1.11494,1.11447,1.11477,503.79
07.01.2020 18:00:00.000 GMT-0500,1.11473,1.11502,1.11462,1.11487,574.25
07.01.2020 18:15:00.000 GMT-0500,1.11488,1.11540,1.11484,1.11523,1148.75
07.01.2020 18:30:00.000 GMT-0500,1.11523,1.11523,1.11487,1.11494,1880.0399999999997
07.01.2020 18:45:00.000 GMT-0500,1.11493,1.11544,1.11475,1.11540,1889.8400000000001
07.01.2020 19:00:00.000 GMT-0500,1.11539,1.11682,1.11525,1.11671,3346.13
07.01.2020 19:15:00.000 GMT-0500,1.11670,1.11670,1.11599,1.11623,3396.15
07.01.2020 19:30:00.000 GMT-0500,1.11624,1.11654,1.11602,1.11604,2871.19
07.01.2020 19:45:00.000 GMT-0500,1.11604,1.11624,1.11585,1.11586,2443.1699999999996
07.01.2020 20:00:00.000 GMT-0500,1.11585,1.11632,1.11585,1.11610,3065.35
07.01.2020 20:15:00.000 GMT-0500,1.11609,1.11621,1.11584,1.11591,1674.1100000000004
07.01.2020 20:30:00.000 GMT-0500,1.11591,1.11626,1.11565,1.11566,2220.34
07.01.2020 20:45:00.000 GMT-0500,1.11565,1.11587,1.11548,1.11557,2277.4500000000007
07.01.2020 21:00:00.000 GMT-0500,1.11557,1.11567,1.11539,1.11547,2211.620000000001
07.01.2020 21:15:00.000 GMT-0500,1.11548,1.11570,1.11541,1.11553,884.28
07.01.2020 21:30:00.000 GMT-0500,1.11551,1.11552,1.11531,1.11534,2053.21
07.01.2020 21:45:00.000 GMT-0500,1.11534,1.11613,1.11531,1.11586,2133.4200000000005
07.01.2020 22:00:00.000 GMT-0500,1.11587,1.11591,1.11565,1.11571,1175.7
07.01.2020 22:15:00.000 GMT-0500,1.11573,1.11586,1.11563,1.11571,1489
07.01.2020 22:30:00.000 GMT-0500,1.11571,1.11581,1.11550,1.11553,1034.3700000000001
07.01.2020 22:45:00.000 GMT-0500,1.11554,1.11556,1.11536,1.11546,655.53
07.01.2020 23:00:00.000 GMT-0500,1.11545,1.11557,1.11540,1.11551,548.13
07.01.2020 23:15:00.000 GMT-0500,1.11552,1.11556,1.11504,1.11504,701.44
07.01.2020 23:30:00.000 GMT-0500,1.11505,1.11505,1.11474,1.11478,876.11
07.01.2020 23:45:00.000 GMT-0500,1.11480,1.11482,1.11450,1.11476,1024.6100000000001
08.01.2020 00:00:00.000 GMT-0500,1.11478,1.11492,1.11476,1.11476,1194.59
08.01.2020 00:15:00.000 GMT-0500,1.11475,1.11498,1.11473,1.11494,728.71
08.01.2020 00:30:00.000 GMT-0500,1.11493,1.11513,1.11493,1.11501,738.1
08.01.2020 00:45:00.000 GMT-0500,1.11500,1.11501,1.11480,1.11492,908.4400000000002
08.01.2020 01:00:00.000 GMT-0500,1.11491,1.11510,1.11484,1.11490,921.1500000000001
08.01.2020 01:15:00.000 GMT-0500,1.11490,1.11539,1.11484,1.11530,990.79
08.01.2020 01:30:00.000 GMT-0500,1.11530,1.11533,1.11507,1.11521,822.5200000000001
08.01.2020 01:45:00.000 GMT-0500,1.11522,1.11533,1.11486,1.11500,1189.42
08.01.2020 02:00:00.000 GMT-0500,1.11501,1.11548,1.11457,1.11479,2559.15
08.01.2020 02:15:00.000 GMT-0500,1.11481,1.11508,1.11447,1.11452,2113.4399999999996
08.01.2020 02:30:00.000 GMT-0500,1.11451,1.11517,1.11432,1.11507,2842.5
08.01.2020 02:45:00.000 GMT-0500,1.11508,1.11549,1.11504,1.11511,2320.61
08.01.2020 03:00:00.000 GMT-0500,1.11513,1.11533,1.11315,1.11428,3979.6
08.01.2020 03:15:00.000 GMT-0500,1.11427,1.11440,1.11312,1.11374,5520.8301
08.01.2020 03:30:00.000 GMT-0500,1.11374,1.11374,1.11301,1.11353,3708.7400000000007
08.01.2020 03:45:00.000 GMT-0500,1.11354,1.11374,1.11337,1.11348,2640.209999999999
08.01.2020 04:00:00.000 GMT-0500,1.11349,1.11355,1.11253,1.11267,2977.6900000000005
08.01.2020 04:15:00.000 GMT-0500,1.11267,1.11353,1.11267,1.11352,2172.7599999999998
08.01.2020 04:30:00.000 GMT-0500,1.11352,1.11447,1.11342,1.11416,2526.36
08.01.2020 04:45:00.000 GMT-0500,1.11416,1.11423,1.11380,1.11383,3957.99
08.01.2020 05:00:00.000 GMT-0500,1.11382,1.11385,1.11324,1.11340,3258.6499999999996
08.01.2020 05:15:00.000 GMT-0500,1.11339,1.11348,1.11300,1.11309,2242.77
08.01.2020 05:30:00.000 GMT-0500,1.11308,1.11328,1.11277,1.11328,1852.52
08.01.2020 05:45:00.000 GMT-0500,1.11327,1.11328,1.11254,1.11273,2895.0899999999997
08.01.2020 06:00:00.000 GMT-0500,1.11274,1.11309,1.11269,1.11282,1777.62
08.01.2020 06:15:00.000 GMT-0500,1.11282,1.11299,1.11196,1.11286,3084.6599999999994
08.01.2020 06:30:00.000 GMT-0500,1.11286,1.11305,1.11248,1.11287,2651.1599999999994
08.01.2020 06:45:00.000 GMT-0500,1.11287,1.11311,1.11247,1.11271,5512.5201
08.01.2020 07:00:00.000 GMT-0500,1.11271,1.11307,1.11250,1.11292,2596.6699999999996
08.01.2020 07:15:00.000 GMT-0500,1.11292,1.11304,1.11219,1.11247,2210.26
08.01.2020 07:30:00.000 GMT-0500,1.11248,1.11262,1.11218,1.11226,3186.04
08.01.2020 07:45:00.000 GMT-0500,1.11225,1.11244,1.11139,1.11167,3531.1499999999996
08.01.2020 08:00:00.000 GMT-0500,1.11166,1.11194,1.11123,1.11155,3286.09
08.01.2020 08:15:00.000 GMT-0500,1.11155,1.11179,1.11111,1.11147,4545.52
08.01.2020 08:30:00.000 GMT-0500,1.11147,1.11198,1.11145,1.11160,4032.17
08.01.2020 08:45:00.000 GMT-0500,1.11163,1.11224,1.11156,1.11199,1950.2499999999998
08.01.2020 09:00:00.000 GMT-0500,1.11200,1.11227,1.11176,1.11214,3079.5899999999997
08.01.2020 09:15:00.000 GMT-0500,1.11214,1.11249,1.11200,1.11247,1884.2099999999998
08.01.2020 09:30:00.000 GMT-0500,1.11248,1.11269,1.11176,1.11184,3617.5
08.01.2020 09:45:00.000 GMT-0500,1.11185,1.11254,1.11176,1.11245,2408.4
08.01.2020 10:00:00.000 GMT-0500,1.11244,1.11308,1.11225,1.11301,2379.64
08.01.2020 10:15:00.000 GMT-0500,1.11301,1.11306,1.11222,1.11238,2447.2899999999995
08.01.2020 10:30:00.000 GMT-0500,1.11237,1.11238,1.11158,1.11224,3225.5
08.01.2020 10:45:00.000 GMT-0500,1.11223,1.11226,1.11153,1.11198,3233.1
08.01.2020 11:00:00.000 GMT-0500,1.11197,1.11201,1.11112,1.11138,2292.64
08.01.2020 11:15:00.000 GMT-0500,1.11139,1.11150,1.11087,1.11123,2289.09
08.01.2020 11:30:00.000 GMT-0500,1.11123,1.11169,1.11102,1.11163,4994.960000000001
08.01.2020 11:45:00.000 GMT-0500,1.11164,1.11179,1.11102,1.11164,3912.640000000001
08.01.2020 12:00:00.000 GMT-0500,1.11163,1.11259,1.11155,1.11219,3607.99
08.01.2020 12:15:00.000 GMT-0500,1.11219,1.11233,1.11188,1.11207,2738.73
08.01.2020 12:30:00.000 GMT-0500,1.11208,1.11216,1.11135,1.11145,2326.2299999999996
08.01.2020 12:45:00.000 GMT-0500,1.11144,1.11183,1.11131,1.11180,2225.96
08.01.2020 13:00:00.000 GMT-0500,1.11180,1.11180,1.11104,1.11126,2327.7900000000004
08.01.2020 13:15:00.000 GMT-0500,1.11126,1.11148,1.11111,1.11147,1607.63
08.01.2020 13:30:00.000 GMT-0500,1.11146,1.11158,1.11131,1.11141,1032.69
08.01.2020 13:45:00.000 GMT-0500,1.11141,1.11146,1.11106,1.11131,843.87
08.01.2020 14:00:00.000 GMT-0500,1.11133,1.11140,1.11101,1.11108,963.79
08.01.2020 14:15:00.000 GMT-0500,1.11108,1.11111,1.11081,1.11102,924.3
08.01.2020 14:30:00.000 GMT-0500,1.11105,1.11119,1.11099,1.11103,1008.2
08.01.2020 14:45:00.000 GMT-0500,1.11103,1.11129,1.11098,1.11112,1015.8199999999999
08.01.2020 15:00:00.000 GMT-0500,1.11113,1.11118,1.11097,1.11108,1021.9200000000001
08.01.2020 15:15:00.000 GMT-0500,1.11109,1.11119,1.11104,1.11114,575.5799999999999
08.01.2020 15:30:00.000 GMT-0500,1.11114,1.11119,1.11103,1.11108,573.05
08.01.2020 15:45:00.000 GMT-0500,1.11108,1.11148,1.11106,1.11118,2801.8200000000006
08.01.2020 16:00:00.000 GMT-0500,1.11119,1.11127,1.11081,1.11081,707.47
08.01.2020 16:15:00.000 GMT-0500,1.11084,1.11100,1.11084,1.11093,287.54
08.01.2020 16:30:00.000 GMT-0500,1.11092,1.11094,1.11083,1.11085,266.91999999999996
08.01.2020 16:45:00.000 GMT-0500,1.11085,1.11086,1.11016,1.11053,677.7199999999999
08.01.2020 17:00:00.000 GMT-0500,1.11053,1.11077,1.11033,1.11068,290
08.01.2020 17:15:00.000 GMT-0500,1.11068,1.11146,1.11068,1.11105,307.80000000000007
08.01.2020 17:30:00.000 GMT-0500,1.11104,1.11105,1.11088,1.11100,141.02
08.01.2020 17:45:00.000 GMT-0500,1.11100,1.11131,1.11089,1.11097,312.31
08.01.2020 18:00:00.000 GMT-0500,1.11098,1.11098,1.11071,1.11083,283.28
08.01.2020 18:15:00.000 GMT-0500,1.11085,1.11104,1.11081,1.11102,297.88
08.01.2020 18:30:00.000 GMT-0500,1.11102,1.11115,1.11097,1.11109,402.72999999999996
08.01.2020 18:45:00.000 GMT-0500,1.11109,1.11130,1.11109,1.11129,414.3
08.01.2020 19:00:00.000 GMT-0500,1.11130,1.11144,1.11091,1.11117,1486.6299999999999
08.01.2020 19:15:00.000 GMT-0500,1.11117,1.11134,1.11101,1.11134,910.89
08.01.2020 19:30:00.000 GMT-0500,1.11133,1.11159,1.11133,1.11143,1441.2099999999998
08.01.2020 19:45:00.000 GMT-0500,1.11144,1.11144,1.11122,1.11134,1303.36
08.01.2020 20:00:00.000 GMT-0500,1.11135,1.11149,1.11128,1.11137,920.88
08.01.2020 20:15:00.000 GMT-0500,1.11138,1.11140,1.11110,1.11133,901.57
08.01.2020 20:30:00.000 GMT-0500,1.11132,1.11185,1.11131,1.11184,1439.0299999999997
08.01.2020 20:45:00.000 GMT-0500,1.11184,1.11195,1.11171,1.11174,1210.1499999999999
08.01.2020 21:00:00.000 GMT-0500,1.11173,1.11190,1.11172,1.11188,863.69
08.01.2020 21:15:00.000 GMT-0500,1.11189,1.11189,1.11153,1.11160,796.5600000000002
08.01.2020 21:30:00.000 GMT-0500,1.11161,1.11174,1.11152,1.11154,471.76
08.01.2020 21:45:00.000 GMT-0500,1.11155,1.11159,1.11145,1.11152,722.93
08.01.2020 22:00:00.000 GMT-0500,1.11152,1.11153,1.11141,1.11153,536.4699999999999
08.01.2020 22:15:00.000 GMT-0500,1.11152,1.11163,1.11152,1.11159,600.53
08.01.2020 22:30:00.000 GMT-0500,1.11160,1.11175,1.11159,1.11174,473.31000000000006
08.01.2020 22:45:00.000 GMT-0500,1.11174,1.11179,1.11152,1.11152,761.64
08.01.2020 23:00:00.000 GMT-0500,1.11153,1.11157,1.11130,1.11132,598.4300000000002
08.01.2020 23:15:00.000 GMT-0500,1.11132,1.11138,1.11127,1.11137,366.86999999999995
08.01.2020 23:30:00.000 GMT-0500,1.11138,1.11158,1.11133,1.11158,858.09
08.01.2020 23:45:00.000 GMT-0500,1.11158,1.11158,1.11143,1.11154,362.8
09.01.2020 00:00:00.000 GMT-0500,1.11154,1.11158,1.11151,1.11153,403.63
09.01.2020 00:15:00.000 GMT-0500,1.11153,1.11172,1.11152,1.11168,554.31
09.01.2020 00:30:00.000 GMT-0500,1.11169,1.11175,1.11162,1.11162,427.12
09.01.2020 00:45:00.000 GMT-0500,1.11163,1.11189,1.11161,1.11182,671.3599999999999
09.01.2020 01:00:00.000 GMT-0500,1.11182,1.11190,1.11162,1.11166,930.03
09.01.2020 01:15:00.000 GMT-0500,1.11166,1.11169,1.11147,1.11148,624.03
09.01.2020 01:30:00.000 GMT-0500,1.11147,1.11157,1.11113,1.11121,1210
09.01.2020 01:45:00.000 GMT-0500,1.11120,1.11153,1.11111,1.11123,1597.2599999999998
09.01.2020 02:00:00.000 GMT-0500,1.11123,1.11149,1.11110,1.11132,1918.06
09.01.2020 02:15:00.000 GMT-0500,1.11132,1.11164,1.11125,1.11156,1562.6299999999999
09.01.2020 02:30:00.000 GMT-0500,1.11156,1.11199,1.11147,1.11191,2069.63
09.01.2020 02:45:00.000 GMT-0500,1.11190,1.11204,1.11131,1.11152,2260.19
09.01.2020 03:00:00.000 GMT-0500,1.11152,1.11162,1.11051,1.11071,3028.22
09.01.2020 03:15:00.000 GMT-0500,1.11072,1.11117,1.11067,1.11117,2465.4799999999996
09.01.2020 03:30:00.000 GMT-0500,1.11117,1.11159,1.11105,1.11157,2081.59
09.01.2020 03:45:00.000 GMT-0500,1.11156,1.11177,1.11136,1.11172,2102.9500000000003
09.01.2020 04:00:00.000 GMT-0500,1.11172,1.11190,1.11128,1.11145,2476.3999999999996
09.01.2020 04:15:00.000 GMT-0500,1.11144,1.11144,1.11103,1.11105,2252.01
09.01.2020 04:30:00.000 GMT-0500,1.11104,1.11111,1.11021,1.11039,2817.12
09.01.2020 04:45:00.000 GMT-0500,1.11037,1.11066,1.10984,1.10995,4391.15
09.01.2020 05:00:00.000 GMT-0500,1.10994,1.11021,1.10966,1.11014,2527.5099999999998
09.01.2020 05:15:00.000 GMT-0500,1.11013,1.11039,1.10996,1.11037,1689.26
09.01.2020 05:30:00.000 GMT-0500,1.11038,1.11118,1.11030,1.11108,1834.49
09.01.2020 05:45:00.000 GMT-0500,1.11108,1.11114,1.11083,1.11096,1650.12
09.01.2020 06:00:00.000 GMT-0500,1.11096,1.11126,1.11095,1.11114,1330.99
09.01.2020 06:15:00.000 GMT-0500,1.11115,1.11116,1.11084,1.11100,1884.4399999999996
09.01.2020 06:30:00.000 GMT-0500,1.11101,1.11107,1.11039,1.11039,1332.1899999999996
09.01.2020 06:45:00.000 GMT-0500,1.11038,1.11099,1.11034,1.11046,1608.4399999999998
09.01.2020 07:00:00.000 GMT-0500,1.11045,1.11126,1.11033,1.11120,1808.0400000000002
09.01.2020 07:15:00.000 GMT-0500,1.11120,1.11128,1.11093,1.11110,2224.23
09.01.2020 07:30:00.000 GMT-0500,1.11110,1.11167,1.11110,1.11119,2132.67
09.01.2020 07:45:00.000 GMT-0500,1.11119,1.11157,1.11106,1.11135,2511.2900000000004
09.01.2020 08:00:00.000 GMT-0500,1.11135,1.11143,1.11074,1.11094,2751.4799999999996
09.01.2020 08:15:00.000 GMT-0500,1.11094,1.11121,1.11058,1.11116,2397.9700000000003
09.01.2020 08:30:00.000 GMT-0500,1.11115,1.11141,1.11110,1.11137,1672.3299999999997
09.01.2020 08:45:00.000 GMT-0500,1.11138,1.11173,1.11118,1.11148,2633.4800000000005
09.01.2020 09:00:00.000 GMT-0500,1.11149,1.11149,1.11081,1.11101,3636.71
09.01.2020 09:15:00.000 GMT-0500,1.11101,1.11101,1.11038,1.11063,2446.3900000000003
09.01.2020 09:30:00.000 GMT-0500,1.11062,1.11088,1.11046,1.11082,2588.62
09.01.2020 09:45:00.000 GMT-0500,1.11082,1.11101,1.11074,1.11082,2242.44
09.01.2020 10:00:00.000 GMT-0500,1.11082,1.11107,1.11058,1.11105,2108.81
09.01.2020 10:15:00.000 GMT-0500,1.11105,1.11107,1.11024,1.11063,2275.4100000000003
09.01.2020 10:30:00.000 GMT-0500,1.11062,1.11063,1.10924,1.11002,2875.32
09.01.2020 10:45:00.000 GMT-0500,1.11003,1.11035,1.10944,1.11022,3916.4700000000003
09.01.2020 11:00:00.000 GMT-0500,1.11021,1.11023,1.10947,1.10965,3902.9299999999994
09.01.2020 11:15:00.000 GMT-0500,1.10965,1.10980,1.10935,1.10980,3985.87
09.01.2020 11:30:00.000 GMT-0500,1.10980,1.11032,1.10976,1.11026,1918.8700000000001
09.01.2020 11:45:00.000 GMT-0500,1.11026,1.11061,1.11016,1.11060,1812.2700000000002
09.01.2020 12:00:00.000 GMT-0500,1.11059,1.11081,1.11037,1.11080,3364.4201
09.01.2020 12:15:00.000 GMT-0500,1.11081,1.11097,1.11048,1.11091,1683.4999999999998
09.01.2020 12:30:00.000 GMT-0500,1.11092,1.11113,1.11058,1.11058,1615.67
09.01.2020 12:45:00.000 GMT-0500,1.11058,1.11076,1.11046,1.11046,1170.3200000000002
09.01.2020 13:00:00.000 GMT-0500,1.11046,1.11060,1.11033,1.11053,1529.75
09.01.2020 13:15:00.000 GMT-0500,1.11053,1.11086,1.11050,1.11071,1764.62
09.01.2020 13:30:00.000 GMT-0500,1.11072,1.11082,1.11045,1.11067,2220.0801
09.01.2020 13:45:00.000 GMT-0500,1.11067,1.11079,1.11050,1.11050,886.02
09.01.2020 14:00:00.000 GMT-0500,1.11051,1.11088,1.11049,1.11085,1022.1999999999999
09.01.2020 14:15:00.000 GMT-0500,1.11085,1.11098,1.11081,1.11088,673.57
09.01.2020 14:30:00.000 GMT-0500,1.11089,1.11093,1.11072,1.11081,1022.6100000000001
09.01.2020 14:45:00.000 GMT-0500,1.11080,1.11087,1.11059,1.11061,676.8199999999999
09.01.2020 15:00:00.000 GMT-0500,1.11060,1.11073,1.11050,1.11061,791.1700000000001
09.01.2020 15:15:00.000 GMT-0500,1.11062,1.11072,1.11054,1.11055,690.51
09.01.2020 15:30:00.000 GMT-0500,1.11055,1.11064,1.11044,1.11048,709.5100000000001
09.01.2020 15:45:00.000 GMT-0500,1.11047,1.11065,1.11038,1.11062,990.045
09.01.2020 16:00:00.000 GMT-0500,1.11062,1.11068,1.11044,1.11050,437.63
09.01.2020 16:15:00.000 GMT-0500,1.11050,1.11050,1.11034,1.11038,364.65000000000003
09.01.2020 16:30:00.000 GMT-0500,1.11038,1.11056,1.11038,1.11055,256.43999999999994
09.01.2020 16:45:00.000 GMT-0500,1.11054,1.11069,1.11047,1.11051,405.78
09.01.2020 17:00:00.000 GMT-0500,1.11051,1.11060,1.11028,1.11050,358.3
09.01.2020 17:15:00.000 GMT-0500,1.11050,1.11066,1.11048,1.11050,127.25000000000001
09.01.2020 17:30:00.000 GMT-0500,1.11050,1.11055,1.11045,1.11052,418.5800000000001
09.01.2020 17:45:00.000 GMT-0500,1.11053,1.11066,1.11052,1.11065,113.84
09.01.2020 18:00:00.000 GMT-0500,1.11065,1.11075,1.11063,1.11074,288.6
09.01.2020 18:15:00.000 GMT-0500,1.11075,1.11076,1.11065,1.11070,172.17999999999998
09.01.2020 18:30:00.000 GMT-0500,1.11069,1.11075,1.11063,1.11069,291.21999999999997
09.01.2020 18:45:00.000 GMT-0500,1.11069,1.11093,1.11068,1.11093,237.95
09.01.2020 19:00:00.000 GMT-0500,1.11092,1.11094,1.11067,1.11068,632.4500000000002
09.01.2020 19:15:00.000 GMT-0500,1.11071,1.11073,1.11066,1.11072,372.6
09.01.2020 19:30:00.000 GMT-0500,1.11072,1.11091,1.11063,1.11063,833.9900000000001
09.01.2020 19:45:00.000 GMT-0500,1.11065,1.11079,1.11060,1.11069,767.8
09.01.2020 20:00:00.000 GMT-0500,1.11069,1.11073,1.11059,1.11061,609.89
09.01.2020 20:15:00.000 GMT-0500,1.11061,1.11070,1.11056,1.11062,453.22999999999996
09.01.2020 20:30:00.000 GMT-0500,1.11063,1.11073,1.11046,1.11048,483.3
09.01.2020 20:45:00.000 GMT-0500,1.11047,1.11050,1.11020,1.11042,866.3899999999999
09.01.2020 21:00:00.000 GMT-0500,1.11041,1.11053,1.11037,1.11049,532.69
09.01.2020 21:15:00.000 GMT-0500,1.11048,1.11051,1.11036,1.11043,996.9100000000001
09.01.2020 21:30:00.000 GMT-0500,1.11043,1.11051,1.11036,1.11047,641.33
09.01.2020 21:45:00.000 GMT-0500,1.11046,1.11083,1.11046,1.11079,470.18999999999994
09.01.2020 22:00:00.000 GMT-0500,1.11080,1.11081,1.11071,1.11074,398.73999999999995
09.01.2020 22:15:00.000 GMT-0500,1.11075,1.11087,1.11072,1.11072,449.88
09.01.2020 22:30:00.000 GMT-0500,1.11073,1.11084,1.11071,1.11076,355.19
09.01.2020 22:45:00.000 GMT-0500,1.11076,1.11083,1.11074,1.11081,481.54
09.01.2020 23:00:00.000 GMT-0500,1.11081,1.11082,1.11064,1.11082,510.28
09.01.2020 23:15:00.000 GMT-0500,1.11082,1.11090,1.11071,1.11086,582.85
09.01.2020 23:30:00.000 GMT-0500,1.11086,1.11111,1.11078,1.11081,373.26
09.01.2020 23:45:00.000 GMT-0500,1.11080,1.11081,1.11068,1.11074,328.84000000000003
10.01.2020 00:00:00.000 GMT-0500,1.11074,1.11081,1.11070,1.11079,450.60999999999996
10.01.2020 00:15:00.000 GMT-0500,1.11079,1.11091,1.11076,1.11090,352.19
10.01.2020 00:30:00.000 GMT-0500,1.11091,1.11096,1.11079,1.11091,540.58
10.01.2020 00:45:00.000 GMT-0500,1.11090,1.11100,1.11084,1.11089,493.1700000000001
10.01.2020 01:00:00.000 GMT-0500,1.11090,1.11099,1.11087,1.11094,560.76
10.01.2020 01:15:00.000 GMT-0500,1.11094,1.11101,1.11074,1.11083,731
10.01.2020 01:30:00.000 GMT-0500,1.11083,1.11083,1.11068,1.11075,457.5400000000001
10.01.2020 01:45:00.000 GMT-0500,1.11075,1.11091,1.11070,1.11091,663.69
10.01.2020 02:00:00.000 GMT-0500,1.11092,1.11110,1.11080,1.11096,1365.3400000000001
10.01.2020 02:15:00.000 GMT-0500,1.11092,1.11092,1.11080,1.11089,934.0500000000001
10.01.2020 02:30:00.000 GMT-0500,1.11089,1.11089,1.11045,1.11056,1664.18
10.01.2020 02:45:00.000 GMT-0500,1.11057,1.11073,1.11042,1.11070,1292.1100000000001
10.01.2020 03:00:00.000 GMT-0500,1.11069,1.11092,1.11047,1.11080,2077.0200000000004
10.01.2020 03:15:00.000 GMT-0500,1.11080,1.11084,1.11011,1.11016,1684.96
10.01.2020 03:30:00.000 GMT-0500,1.11017,1.11019,1.10932,1.10942,2592.7099999999996
10.01.2020 03:45:00.000 GMT-0500,1.10942,1.10999,1.10935,1.10993,2116.5299999999997
10.01.2020 04:00:00.000 GMT-0500,1.10994,1.10994,1.10934,1.10956,1959.4700000000003
10.01.2020 04:15:00.000 GMT-0500,1.10956,1.10970,1.10912,1.10945,2282.5699999999997
10.01.2020 04:30:00.000 GMT-0500,1.10945,1.10960,1.10938,1.10944,2484.7700999999997
10.01.2020 04:45:00.000 GMT-0500,1.10945,1.11000,1.10944,1.10963,2673.9
10.01.2020 05:00:00.000 GMT-0500,1.10963,1.10980,1.10950,1.10971,1604.97
10.01.2020 05:15:00.000 GMT-0500,1.10969,1.10984,1.10954,1.10972,1805.35
10.01.2020 05:30:00.000 GMT-0500,1.10972,1.10972,1.10909,1.10937,1954.41
10.01.2020 05:45:00.000 GMT-0500,1.10938,1.10946,1.10902,1.10926,1909.4599999999998
10.01.2020 06:00:00.000 GMT-0500,1.10926,1.10926,1.10850,1.10879,1888.5199999999998
10.01.2020 06:15:00.000 GMT-0500,1.10879,1.10923,1.10868,1.10920,1350.1100000000001
10.01.2020 06:30:00.000 GMT-0500,1.10923,1.10962,1.10922,1.10926,1418.7800000000002
10.01.2020 06:45:00.000 GMT-0500,1.10927,1.10948,1.10915,1.10930,1217
10.01.2020 07:00:00.000 GMT-0500,1.10929,1.10947,1.10916,1.10942,1871.6300000000006
10.01.2020 07:15:00.000 GMT-0500,1.10942,1.10954,1.10926,1.10952,1169.7799999999997
10.01.2020 07:30:00.000 GMT-0500,1.10953,1.10971,1.10950,1.10961,1123.15
10.01.2020 07:45:00.000 GMT-0500,1.10960,1.10994,1.10947,1.10984,1546.78
10.01.2020 08:00:00.000 GMT-0500,1.10984,1.10996,1.10898,1.10911,2359.7400000000002
10.01.2020 08:15:00.000 GMT-0500,1.10911,1.10951,1.10898,1.10921,2506.05
10.01.2020 08:30:00.000 GMT-0500,1.10926,1.11136,1.10925,1.11070,5987.469999999999
10.01.2020 08:45:00.000 GMT-0500,1.11069,1.11098,1.10947,1.10966,4139.26
10.01.2020 09:00:00.000 GMT-0500,1.10967,1.10990,1.10919,1.10946,4030.71
10.01.2020 09:15:00.000 GMT-0500,1.10945,1.10987,1.10862,1.10963,3905.16
10.01.2020 09:30:00.000 GMT-0500,1.10963,1.11007,1.10941,1.10994,3550.5
10.01.2020 09:45:00.000 GMT-0500,1.10994,1.11034,1.10927,1.11007,2702.59
10.01.2020 10:00:00.000 GMT-0500,1.11006,1.11093,1.10983,1.11067,3389.6699999999996
10.01.2020 10:15:00.000 GMT-0500,1.11067,1.11117,1.11045,1.11083,2617.69
10.01.2020 10:30:00.000 GMT-0500,1.11082,1.11163,1.11077,1.11124,3140.35
10.01.2020 10:45:00.000 GMT-0500,1.11125,1.11179,1.11123,1.11128,4040.18
10.01.2020 11:00:00.000 GMT-0500,1.11128,1.11144,1.11111,1.11134,2547.2700000000004
10.01.2020 11:15:00.000 GMT-0500,1.11134,1.11182,1.11130,1.11155,2314.85
10.01.2020 11:30:00.000 GMT-0500,1.11155,1.11205,1.11136,1.11150,2274.5199999999995
10.01.2020 11:45:00.000 GMT-0500,1.11151,1.11192,1.11149,1.11180,1418.1999999999998
10.01.2020 12:00:00.000 GMT-0500,1.11179,1.11243,1.11179,1.11240,2087.3500000000004
10.01.2020 12:15:00.000 GMT-0500,1.11240,1.11291,1.11239,1.11258,1938.51
10.01.2020 12:30:00.000 GMT-0500,1.11259,1.11265,1.11213,1.11220,1597.01
10.01.2020 12:45:00.000 GMT-0500,1.11220,1.11228,1.11205,1.11224,1198.6400000000003
10.01.2020 13:00:00.000 GMT-0500,1.11223,1.11232,1.11193,1.11214,1119.99
10.01.2020 13:15:00.000 GMT-0500,1.11213,1.11213,1.11192,1.11206,1885.5900000000001
10.01.2020 13:30:00.000 GMT-0500,1.11206,1.11214,1.11193,1.11199,686.73
10.01.2020 13:45:00.000 GMT-0500,1.11199,1.11214,1.11183,1.11184,634.31
10.01.2020 14:00:00.000 GMT-0500,1.11186,1.11205,1.11171,1.11192,962.43
10.01.2020 14:15:00.000 GMT-0500,1.11193,1.11212,1.11185,1.11208,793.18
10.01.2020 14:30:00.000 GMT-0500,1.11211,1.11223,1.11206,1.11218,761.08
10.01.2020 14:45:00.000 GMT-0500,1.11219,1.11232,1.11212,1.11220,663.8399999999999
10.01.2020 15:00:00.000 GMT-0500,1.11221,1.11221,1.11194,1.11207,707.36
10.01.2020 15:15:00.000 GMT-0500,1.11207,1.11220,1.11200,1.11200,446.48999999999995
10.01.2020 15:30:00.000 GMT-0500,1.11201,1.11219,1.11198,1.11210,490.52
10.01.2020 15:45:00.000 GMT-0500,1.11210,1.11214,1.11198,1.11210,661.6524999999999
10.01.2020 16:00:00.000 GMT-0500,1.11210,1.11225,1.11204,1.11205,538.51
10.01.2020 16:15:00.000 GMT-0500,1.11204,1.11213,1.11198,1.11198,315.15999999999997
10.01.2020 16:30:00.000 GMT-0500,1.11199,1.11220,1.11198,1.11219,208.48
10.01.2020 16:45:00.000 GMT-0500,1.11219,1.11223,1.11165,1.11165,780.75
10.01.2020 17:00:00.000 GMT-0500,1.11165,1.11165,1.11165,1.11165,0
10.01.2020 17:15:00.000 GMT-0500,1.11165,1.11165,1.11165,1.11165,0
10.01.2020 17:30:00.000 GMT-0500,1.11165,1.11165,1.11165,1.11165,0
10.01.2020 17:45:00.000 GMT-0500,1.11165,1.11165,1.11165,1.11165,0
10.01.2020 18:00:00.000 GMT-0500,1.11165,1.11165,1.11165,1.11165,0
10.01.2020 18:15:00.000 GMT-0500,1.11165,1.11165,1.11165,1.11165,0
10.01.2020 18:30:00.000 GMT-0500,1.11165,1.11165,1.11165,1.11165,0
10.01.2020 18:45:00.000 GMT-0500,1.11165,1.11165,1.11165,1.11165,0
10.01.2020 19:00:00.000 GMT-0500,1.11165,1.11165,1.11165,1.11165,0
10.01.2020 19:15:00.000 GMT-0500,1.11165,1.11165,1.11165,1.11165,0
10.01.2020 19:30:00.000 GMT-0500,1.11165,1.11165,1.11165,1.11165,0
10.01.2020 19:45:00.000 GMT-0500,1.11165,1.11165,1.11165,1.11165,0
10.01.2020 20:00:00.000 GMT-0500,1.11165,1.11165,1.11165,1.11165,0
10.01.2020 20:15:00.000 GMT-0500,1.11165,1.11165,1.11165,1.11165,0
10.01.2020 20:30:00.000 GMT-0500,1.11165,1.11165,1.11165,1.11165,0
10.01.2020 20:45:00.000 GMT-0500,1.11165,1.11165,1.11165,1.11165,0
10.01.2020 21:00:00.000 GMT-0500,1.11165,1.11165,1.11165,1.11165,0
10.01.2020 21:15:00.000 GMT-0500,1.11165,1.11165,1.11165,1.11165,0
10.01.2020 21:30:00.000 GMT-0500,1.11165,1.11165,1.11165,1.11165,0
10.01.2020 21:45:00.000 GMT-0500,1.11165,1.11165,1.11165,1.11165,0
10.01.2020 22:00:00.000 GMT-0500,1.11165,1.11165,1.11165,1.11165,0
10.01.2020 22:15:00.000 GMT-0500,1.11165,1.11165,1.11165,1.11165,0
10.01.2020 22:30:00.000 GMT-0500,1.11165,1.11165,1.11165,1.11165,0
10.01.2020 22:45:00.000 GMT-0500,1.11165,1.11165,1.11165,1.11165,0
10.01.2020 23:00:00.000 GMT-0500,1.11165,1.11165,1.11165,1.11165,0
10.01.2020 23:15:00.000 GMT-0500,1.11165,1.11165,1.11165,1.11165,0
10.01.2020 23:30:00.000 GMT-0500,1.11165,1.11165,1.11165,1.11165,0
10.01.2020 23:45:00.000 GMT-0500,1.11165,1.11165,1.11165,1.11165,0
11.01.2020 00:00:00.000 GMT-0500,1.11165,1.11165,1.11165,1.11165,0
11.01.2020 00:15:00.000 GMT-0500,1.11165,1.11165,1.11165,1.11165,0
11.01.2020 00:30:00.000 GMT-0500,1.11165,1.11165,1.11165,1.11165,0
11.01.2020 00:45:00.000 GMT-0500,1.11165,1.11165,1.11165,1.11165,0
11.01.2020 01:00:00.000 GMT-0500,1.11165,1.11165,1.11165,1.11165,0
11.01.2020 01:15:00.000 GMT-0500,1.11165,1.11165,1.11165,1.11165,0
11.01.2020 01:30:00.000 GMT-0500,1.11165,1.11165,1.11165,1.11165,0
11.01.2020 01:45:00.000 GMT-0500,1.11165,1.11165,1.11165,1.11165,0
11.01.2020 02:00:00.000 GMT-0500,1.11165,1.11165,1.11165,1.11165,0
11.01.2020 02:15:00.000 GMT-0500,1.11165,1.11165,1.11165,1.11165,0
11.01.2020 02:30:00.000 GMT-0500,1.11165,1.11165,1.11165,1.11165,0
11.01.2020 02:45:00.000 GMT-0500,1.11165,1.11165,1.11165,1.11165,0
11.01.2020 03:00:00.000 GMT-0500,1.11165,1.11165,1.11165,1.11165,0
11.01.2020 03:15:00.000 GMT-0500,1.11165,1.11165,1.11165,1.11165,0
11.01.2020 03:30:00.000 GMT-0500,1.11165,1.11165,1.11165,1.11165,0
11.01.2020 03:45:00.000 GMT-0500,1.11165,1.11165,1.11165,1.11165,0
11.01.2020 04:00:00.000 GMT-0500,1.11165,1.11165,1.11165,1.11165,0
11.01.2020 04:15:00.000 GMT-0500,1.11165,1.11165,1.11165,1.11165,0
11.01.2020 04:30:00.000 GMT-0500,1.11165,1.11165,1.11165,1.11165,0
11.01.2020 04:45:00.000 GMT-0500,1.11165,1.11165,1.11165,1.11165,0
11.01.2020 05:00:00.000 GMT-0500,1.11165,1.11165,1.11165,1.11165,0
11.01.2020 05:15:00.000 GMT-0500,1.11165,1.11165,1.11165,1.11165,0
11.01.2020 05:30:00.000 GMT-0500,1.11165,1.11165,1.11165,1.11165,0
11.01.2020 05:45:00.000 GMT-0500,1.11165,1.11165,1.11165,1.11165,0
11.01.2020 06:00:00.000 GMT-0500,1.11165,1.11165,1.11165,1.11165,0
11.01.2020 06:15:00.000 GMT-0500,1.11165,1.11165,1.11165,1.11165,0
11.01.2020 06:30:00.000 GMT-0500,1.11165,1.11165,1.11165,1.11165,0
11.01.2020 06:45:00.000 GMT-0500,1.11165,1.11165,1.11165,1.11165,0
11.01.2020 07:00:00.000 GMT-0500,1.11165,1.11165,1.11165,1.11165,0
11.01.2020 07:15:00.000 GMT-0500,1.11165,1.11165,1.11165,1.11165,0
11.01.2020 07:30:00.000 GMT-0500,1.11165,1.11165,1.11165,1.11165,0
11.01.2020 07:45:00.000 GMT-0500,1.11165,1.11165,1.11165,1.11165,0
11.01.2020 08:00:00.000 GMT-0500,1.11165,1.11165,1.11165,1.11165,0
11.01.2020 08:15:00.000 GMT-0500,1.11165,1.11165,1.11165,1.11165,0
11.01.2020 08:30:00.000 GMT-0500,1.11165,1.11165,1.11165,1.11165,0
11.01.2020 08:45:00.000 GMT-0500,1.11165,1.11165,1.11165,1.11165,0
11.01.2020 09:00:00.000 GMT-0500,1.11165,1.11165,1.11165,1.11165,0
11.01.2020 09:15:00.000 GMT-0500,1.11165,1.11165,1.11165,1.11165,0
11.01.2020 09:30:00.000 GMT-0500,1.11165,1.11165,1.11165,1.11165,0
11.01.2020 09:45:00.000 GMT-0500,1.11165,1.11165,1.11165,1.11165,0
11.01.2020 10:00:00.000 GMT-0500,1.11165,1.11165,1.11165,1.11165,0
11.01.2020 10:15:00.000 GMT-0500,1.11165,1.11165,1.11165,1.11165,0
11.01.2020 10:30:00.000 GMT-0500,1.11165,1.11165,1.11165,1.11165,0
11.01.2020 10:45:00.000 GMT-0500,1.11165,1.11165,1.11165,1.11165,0
11.01.2020 11:00:00.000 GMT-0500,1.11165,1.11165,1.11165,1.11165,0
11.01.2020 11:15:00.000 GMT-0500,1.11165,1.11165,1.11165,1.11165,0
11.01.2020 11:30:00.000 GMT-0500,1.11165,1.11165,1.11165,1.11165,0
11.01.2020 11:45:00.000 GMT-0500,1.11165,1.11165,1.11165,1.11165,0
11.01.2020 12:00:00.000 GMT-0500,1.11165,1.11165,1.11165,1.11165,0
11.01.2020 12:15:00.000 GMT-0500,1.11165,1.11165,1.11165,1.11165,0
11.01.2020 12:30:00.000 GMT-0500,1.11165,1.11165,1.11165,1.11165,0
11.01.2020 12:45:00.000 GMT-0500,1.11165,1.11165,1.11165,1.11165,0
11.01.2020 13:00:00.000 GMT-0500,1.11165,1.11165,1.11165,1.11165,0
11.01.2020 13:15:00.000 GMT-0500,1.11165,1.11165,1.11165,1.11165,0
11.01.2020 13:30:00.000 GMT-0500,1.11165,1.11165,1.11165,1.11165,0
11.01.2020 13:45:00.000 GMT-0500,1.11165,1.11165,1.11165,1.11165,0
11.01.2020 14:00:00.000 GMT-0500,1.11165,1.11165,1.11165,1.11165,0
11.01.2020 14:15:00.000 GMT-0500,1.11165,1.11165,1.11165,1.11165,0
11.01.2020 14:30:00.000 GMT-0500,1.11165,1.11165,1.11165,1.11165,0
11.01.2020 14:45:00.000 GMT-0500,1.11165,1.11165,1.11165,1.11165,0
11.01.2020 15:00:00.000 GMT-0500,1.11165,1.11165,1.11165,1.11165,0
11.01.2020 15:15:00.000 GMT-0500,1.11165,1.11165,1.11165,1.11165,0
11.01.2020 15:30:00.000 GMT-0500,1.11165,1.11165,1.11165,1.11165,0
11.01.2020 15:45:00.000 GMT-0500,1.11165,1.11165,1.11165,1.11165,0
11.01.2020 16:00:00.000 GMT-0500,1.11165,1.11165,1.11165,1.11165,0
11.01.2020 16:15:00.000 GMT-0500,1.11165,1.11165,1.11165,1.11165,0
11.01.2020 16:30:00.000 GMT-0500,1.11165,1.11165,1.11165,1.11165,0
11.01.2020 16:45:00.000 GMT-0500,1.11165,1.11165,1.11165,1.11165,0
11.01.2020 17:00:00.000 GMT-0500,1.11165,1.11165,1.11165,1.11165,0
11.01.2020 17:15:00.000 GMT-0500,1.11165,1.11165,1.11165,1.11165,0
11.01.2020 17:30:00.000 GMT-0500,1.11165,1.11165,1.11165,1.11165,0
11.01.2020 17:45:00.000 GMT-0500,1.11165,1.11165,1.11165,1.11165,0
11.01.2020 18:00:00.000 GMT-0500,1.11165,1.11165,1.11165,1.11165,0
11.01.2020 18:15:00.000 GMT-0500,1.11165,1.11165,1.11165,1.11165,0
11.01.2020 18:30:00.000 GMT-0500,1.11165,1.11165,1.11165,1.11165,0
11.01.2020 18:45:00.000 GMT-0500,1.11165,1.11165,1.11165,1.11165,0
11.01.2020 19:00:00.000 GMT-0500,1.11165,1.11165,1.11165,1.11165,0
11.01.2020 19:15:00.000 GMT-0500,1.11165,1.11165,1.11165,1.11165,0
11.01.2020 19:30:00.000 GMT-0500,1.11165,1.11165,1.11165,1.11165,0
11.01.2020 19:45:00.000 GMT-0500,1.11165,1.11165,1.11165,1.11165,0
11.01.2020 20:00:00.000 GMT-0500,1.11165,1.11165,1.11165,1.11165,0
11.01.2020 20:15:00.000 GMT-0500,1.11165,1.11165,1.11165,1.11165,0
11.01.2020 20:30:00.000 GMT-0500,1.11165,1.11165,1.11165,1.11165,0
11.01.2020 20:45:00.000 GMT-0500,1.11165,1.11165,1.11165,1.11165,0
11.01.2020 21:00:00.000 GMT-0500,1.11165,1.11165,1.11165,1.11165,0
11.01.2020 21:15:00.000 GMT-0500,1.11165,1.11165,1.11165,1.11165,0
11.01.2020 21:30:00.000 GMT-0500,1.11165,1.11165,1.11165,1.11165,0
11.01.2020 21:45:00.000 GMT-0500,1.11165,1.11165,1.11165,1.11165,0
11.01.2020 22:00:00.000 GMT-0500,1.11165,1.11165,1.11165,1.11165,0
11.01.2020 22:15:00.000 GMT-0500,1.11165,1.11165,1.11165,1.11165,0
11.01.2020 22:30:00.000 GMT-0500,1.11165,1.11165,1.11165,1.11165,0
11.01.2020 22:45:00.000 GMT-0500,1.11165,1.11165,1.11165,1.11165,0
11.01.2020 23:00:00.000 GMT-0500,1.11165,1.11165,1.11165,1.11165,0
11.01.2020 23:15:00.000 GMT-0500,1.11165,1.11165,1.11165,1.11165,0
11.01.2020 23:30:00.000 GMT-0500,1.11165,1.11165,1.11165,1.11165,0
11.01.2020 23:45:00.000 GMT-0500,1.11165,1.11165,1.11165,1.11165,0